title,body,source_type,source
Synthetic: NVIDIA reports record revenue and strong demand for AI processors.,The company beats expectations and raises guidance for the next quarter.,financial_news,Synthetic fixture
Synthetic: Apple launches a successful new product with strong demand.,Apple expands its distribution and reports improved preorders.,company_announcement,Synthetic fixture
Synthetic: JPMorgan faces a major liquidity crisis and missed repayment.,A credit downgrade follows default concerns at the company.,financial_news,Synthetic fixture
Synthetic: Microsoft reports profit growth and beats expectations.,Microsoft raises guidance after record revenue from Azure.,company_announcement,Synthetic fixture
Synthetic: Exxon faces global sanctions and an export ban.,A geopolitical conflict causes a shutdown and losses for Exxon.,financial_news,Synthetic fixture
Synthetic: Walmart reports quarterly sales decline and cuts guidance.,Weak demand leads to losses and lower revenue.,financial_news,Synthetic fixture
Synthetic: Alphabet announces a successful acquisition and expansion.,Google expects improved demand and profit growth.,company_announcement,Synthetic fixture
Synthetic: Meta Platforms faces an antitrust investigation and a major fine.,The regulator cites fraud allegations in a new lawsuit.,financial_news,Synthetic fixture
Synthetic: Johnson & Johnson announces approved treatment and strong growth.,The successful product launch improves the outlook for Johnson & Johnson.,company_announcement,Synthetic fixture
Synthetic: Amazon reports an outage and a major data breach.,A cyberattack causes shutdown and losses across AWS services.,financial_news,Synthetic fixture
Synthetic: The Federal Reserve announces an interest rate decision.,The monetary policy statement discusses inflation and unemployment.,financial_news,Synthetic fixture
Synthetic: Microsoft publishes its annual meeting schedule.,Microsoft shareholders will meet on the announced date.,company_announcement,Synthetic fixture
